url,name,MaSanPham,author,NXB,NgayPhatHanh,kichthuoc,sotrang,gioithieu,giatien
http://nhanam.com.vn/sach/46720/an-dam-khong-nuoc-mat-tb-2023,Ăn dặm không nước mắt (TB 2023),8935235238657,Nguyễn Thị Ninh,Thế Giới,Ngày phát hành: 07-08-2023,Kích thước: 14.5x20.5cm,Số trang: 176,"Thế nào là ăn dặm không nước mắt? Là khi con không khóc vì bị ép ăn và mẹ không khóc vì con bỏ bữa. Là khi con hào hứng trước mỗi bữa ăn và mẹ hạnh phúc thấy con ăn hết phần đồ ăn mẹ làm.  Cuốn sách Ăn dặm không nước mắt của mẹ Xoài, một người mẹ Việt nuôi con ở Nhật hẳn sẽ mang đến nhiều gợi ý. Học hỏi các bà mẹ Nhật, mẹ Xoài đã cố gắng tập cho bé Xoài thói quen ăn uống tự giác, tập trung. Mẹ Xoài cũng tôn trọng sở thích, nhu cầu và mong muốn của bé. Còn để khiến bé háu ăn và ăn được nhiều hơn, mẹ Xoài đã chế biến các món ăn thật ngon lành, đa dạng, trang trí vô cùng đẹp mắt để bé chỉ nhìn thôi đã thèm.",120.000đ
http://nhanam.com.vn/sach/19225/so-tay-an-dam-cua-me,Sổ tay ăn dặm của mẹ,8935235225909,BS Lê Thị Hải,Thế Giới,Ngày phát hành: 23-03-2020,"Kích thước: 14 x 20,5cm",Số trang: 267,"“Trong quá trình khám chữa bệnh, tôi gặp nhiều trường hợp các em bé bị suy dinh dưỡng, còi xương không phải vì gia đình không có điều kiện mà do… quá có điều kiện. Tôi gặp những em bé khá bụ bẫm nhưng bố mẹ vẫn đưa đi khám vì thấy con không tăng cân và cho là con biếng ăn. Trong khi đó cũng có những trường hợp bố mẹ nói rằng con ăn rất được nhưng thực ra khẩu phần dinh dưỡng lại không đủ hoặc không cân đối. Nhưng biếng ăn là câu chuyện tôi gặp nhiều nhất. Chưa bao giờ câu chuyện cho bé ăn gì và ăn như thế nào lại khiến các bố mẹ lo lắng nhiều như vậy.",99.000đ
http://nhanam.com.vn/sach/19099/cho-va-meo-duoi-lang-kinh-khoa-hoc,Chó và mèo dưới lăng kính khoa học ,8935235223844,Antonio Fischetti,Thế Giới,Ngày phát hành: 28-11-2019,Kích thước: 25x32 cm,Số trang: 62,"Bạn có nuôi chó hoặc mèo? Chắc hẳn là bạn rất thân thiết với người bạn bốn chân ấy. Vậy bạn có hiểu những hành vi, cử chỉ của “boss”? Chẳng hạn, tại sao chó lại vẫy đuôi cả khi vui mừng lẫn khi căng thẳng? Có nên nhìn thẳng vào mắt một con chó đang giận dữ? Những tiếng gừ gừ của mèo có ý nghĩa gì? Tại sao mèo lại khó tính với đồ ăn đến thế?",125.000đ
http://nhanam.com.vn/sach/17002/tu-dien-chuc-quan-viet-nam,Từ điển chức quan Việt Nam,8935235221550,Đỗ Văn Ninh,Thông Tấn,Ngày phát hành: 24-06-2019,Kích thước: 17x25 cm,Số trang: 678,"Lịch sử lâu đời hơn hai nghìn năm của nước Việt Nam đã tạo nên những hệ thống quan lại liên tục được cải tổ theo sự vận động của các thời kỳ, các triều đại. Một hiểu biết vừa tổng thể, vừa chi tiết về bộ máy cai trị của xã hội là điều kiện cần thiết để chúng ta hôm nay có thể đọc sử và hiểu sử.",250.000đ
http://nhanam.com.vn/sach/19028/dia-chinh-tri-cua-loai-muoi---khai-luoc-ve-to,Địa chính trị của loài muỗi - Khái lược về toàn cầu hóa,8935235223356,Erik Orsenna,Hà Nội,Ngày phát hành: 04-10-2019,Kích thước: 14 x 20.5 cm,Số trang: 328,"Từ 250 triệu năm trước, muỗi đã có mặt trên Trái đất, vậy nhưng chúng chẳng nán lại lâu la gì: vòng đời trung bình của một con muỗi là 30 ngày. Rất đông đúc (3564 loài), có mặt trên khắp các châu lục, chúng giết người vô tội vạ (750 000 người mỗi năm)! Khi chúng vo ve bên tai ta thì không phải chỉ là để quấy rầy giấc khuya của ta, mà còn là để kể cho chúng ta một câu chuyện : câu chuyện về những đường biên giới bị xóa nhòa, về những đột biến không ngừng, về những cuộc chiến đấu để sinh tồn. Và đặc biệt là câu chuyện tay ba giữa muỗi, ký sinh trùng và con mồi (chính là chúng ta).",108.000đ
http://nhanam.com.vn/sach/17960/nghe-thuat-song-hanh-phuc-gat-thanh-cong,Nghệ thuật sống hạnh phúc gặt thành công,8935235222625,Rolf Dobelli,Thế Giới,Ngày phát hành: 09-07-2019,Kích thước: 14x20.5 cm,Số trang: 396,"Từ xưa tới nay, con người vẫn luôn tự hỏi thế nào là một đời hạnh phúc? Con người ta nên sống ra sao? Điều gì rạo nên một cuộc sống hạnh phúc? Hạnh phúc tại tâm hay vì đạt được những mục tiêu trong đời? Sẽ tốt hơn nếu chủ động tìm kiếm hạnh phúc hay chủ động né tránh những điều khiến ta không hạnh phúc? Có người dành cả đời mải miết đi tìm câu trả lời cho những câu hỏi này, và vì một lẽ nào đó chỉ luôn nhận lại thất vọng. Vì sao ư? Phải chăng vì họ cứ kiếm tìm một nguyên tắc duy nhất, một nguyên lý duy nhất, một quy luật duy nhất, trong khi chén thánh đó của cuộc sống hạnh phúc đâu có tồn tại.",129.000đ
http://nhanam.com.vn/sach/19034/nhan-vat-noi-tieng-the-gioi--cac-lanh-tu-lay,Nhân vật nổi tiếng thế giới– Các lãnh tụ lẫy lừng,8935235223707,Renzo Barsotti,Hà Nội,Ngày phát hành: 20-09-2019,Kích thước: 24x31 cm,Số trang: 126,Mong muốn được sống tử tế và sống có ích là điều then chốt tạo nên một cuộc sống hạnh phúc cho bạn trong tương lai. Các nhà lãnh đạo tự cổ chí kim đều mang trong mình những tố chất khơi gợi cảm hứng ấy và truyền cho bạn động lực bước lên những nấc thang mới.,149.000đ
http://nhanam.com.vn/sach/19380/cong-thuc-hanh-phuc,Công thức hạnh phúc ,8935235227286,Manfred F. R. Kets de Vries,Thế Giới,Ngày phát hành: 10-08-2020,Kích thước: 14x20.5 cm,Số trang: 164,Hạnh phúc thực ra là gì? Công thức nào tạo ra hạnh phúc?,88.000đ
http://nhanam.com.vn/sach/19108/song-khoe-khong-rui-ro,Sống khỏe không rủi ro ,8935235224902,Frédéric Saldmann,Dân Trí,Ngày phát hành: 19-12-2019,Kích thước: 14 x 20.5cm,Số trang: 348,"Nên rửa tay trước hay sau khi đi vệ sinh, đá lạnh có thể giúp giảm cân, ôm giúp cắt cơn đói, tiểu đứng hay tiểu ngồi có lợi, đạp xe nhiều làm giảm nhu cầu tình dục,...? Bằng cách cung cấp những quy tắc vệ sinh đáng ngạc nhiên, những cách cắt cơn đói tự nhiên, danh sách những loại thực phẩm chống tăng cân,... ",118.000đ
http://nhanam.com.vn/sach/19098/lich-lam-nhu-mot-quy-ong,Lịch lãm như một quý ông,8935235224292,Élisabeth Jammes,Thế Giới,Ngày phát hành: 04-12-2019,Kích thước: 15x21 cm,Số trang: 128,"Lịch lãm luôn là yếu tố tiên quyết tạo nên sức hấp dẫn cho phái mạnh. Với tất cả những ai đang loay hoay tìm kiếm phong cách, hoặc xây dựng hình ảnh người đàn ông hiện đại, thành công và thu hút, ",108.000đ
http://nhanam.com.vn/sach/19036/nhan-vat-noi-tieng-the-gioi---van-hoa-va-nghe,Nhân vật nổi tiếng thế giới – Văn hóa và nghệ thuật,8935235223691,Renzo Barsotti,Hà Nội,Ngày phát hành: 02-03-2020,Kích thước: 24x31 cm,Số trang: 126,Các hoạt động nghệ thuật và văn hóa giúp chúng ta giải tỏa căng thẳng trong cuộc sống và còn từng bước vun đắp tâm hồn ta.,149.000đ
http://nhanam.com.vn/sach/19035/nhan-vat-noi-tieng-the-gioi---khoa-hoc-va-pha,Nhân vật nổi tiếng thế giới – Khoa học và phát minh,8935235223684,Renzo Barsotti,Hà Nội,Ngày phát hành: 02-03-2020,Kích thước: 24x31 cm,Số trang: 126,"Nhắc đến khoa học, hẳn chúng ta sẽ nghĩ ngay đến kiến thức. Nhưng cuốn sách này không chỉ chứa những kiến thức khô cứng. Sách mở ra cho bạn thấy nhân sinh quan tươi sáng và tinh thần vươn lên của các vĩ nhân, sách còn kể lại những trải nghiệm xây đắp nên sự vĩ đại của họ.",149.000đ
http://nhanam.com.vn/sach/16914/so-tay-me-bau-tb-2019,Sổ tay mẹ bầu ( TB 2019),8935235221413,Ngọc Ánh,Lao động,Ngày phát hành: 18-04-2019,Kích thước: 14x20.5 cm,Số trang: 260,Bác sĩ ,82.000đ
http://nhanam.com.vn/sach/16902/ba-bai-phap-thoai,Ba bài pháp thoại,8935235221444,Đại sư Jetsunma Palmo,Hội nhà văn,Ngày phát hành: 25-04-2019,Kích thước: 14 x 20.5cm,Số trang: 121,"Để dẫn dắt TÂM vượt qua chướng ngại trên con đường đi tới giác ngộ, con người cần gì? Những bài pháp thoại của Đại ni sư Jetsunma Tenzin Palermo, người từng  có 12 năm thiền định trong hang núi, giúp soi tỏ theo một cách hiếm thấy. Bởi vì hiểu được bản thân mình như một đối tượng khách quan không phải điều dễ dàng, và bậc thầy, từ sự chứng nghiệm của bản thân, đãmở lòng cầm tay dẫn lối. TÂM có thể đạt tới yên tĩnh, tỉnh giác, có thể được trong veo trở lại như mặt hồ phản ánh bầu trời xanh, được khai mở dần như những cánh hoa mở ra vẻ đẹp sâu thẳm. TÂM cần được hiểu và luyện tập đúng đắn để mở đường cho sự chứng nghiệm giác ngộ.",69.000đ
http://nhanam.com.vn/sach/16920/lich-su-chinh-tri-cho-thanh-thieu-nien,Lịch sử chính trị cho thanh thiếu niên,8935235221017,"Alex Frith, Rosie Hore & Louie Stowell",Lao động,Ngày phát hành: 22-04-2019,Kích thước: 17 x24cm,Số trang: 127,"Chính trị  là một trong những chủ đề người ta hạn chế đề cập đến trong những cuộc nói chuyện lịch sự, có phải vì các quan điểm chính trị khác nhau dễ gây tranh cãi ? Nhưng nếu bạn muốn hiểu về thế giới xung quanh, bạn phải hiểu về chính trị. Chính trị là cách bất kỳ nhóm người nào quyết định cách điều hành một nhóm, một thành phố, một đất nước hay một lục địa. Chính trị là cách đưa ra các quyết định: nhỏ bé như quyết định ai là lớp trưởng; to tát như bỏ phiếu bầu đại biểu quốc hội hay Chủ tịch nước. Chính trị ở khắp mọi nơi và sớm muộn gì, chúng ta cũng sẽ là một phần của chính trị.",118.000đ
http://nhanam.com.vn/sach/16962/buong-tay-de-con-bay---giai-phap-de-con-tu-la,Buông tay để con bay  - Giải pháp để con tự lập & mẹ tự do,8935235222274,Thu Hà (Mẹ Xu-Sim),Thế Giới,Ngày phát hành: 25-05-2019,Kích thước: 14.5x20.5 cm,Số trang: 250,"Có cha mẹ nào không muốn con mình trở thành những đứa trẻ biết tự học, tự phục vụ bản thân, tự tin, tự hạnh phúc và có chính kiến. Rất nhiều khi, bí kíp không nằm ở việc bố mẹ phải làm những gì, phải ngồi kèm con học bao lâu, phải trả lời mọi điều con hỏi đến đâu, phải dắt con đến những trung tâm học thêm nào, hay đăng ký cho con tham gia các trại hè kỹ năng tốn kém ra sao. Rất nhiều khi, điều quan trọng lại giản dị đến bất ngờ: không làm gì. Buông.",100.000đ
http://nhanam.com.vn/sach/16818/dich-tu-tieng-yeu-sang-tieng-viet-tb-2019,Dịch từ tiếng yêu sang tiếng việt ( TB 2019),8935235220157,Lê Bích,Hội nhà văn,Ngày phát hành: 25-01-2019,Kích thước: 14 x15cm,Số trang: 211,"Tình yêu là mù quáng! Tây ta đều nói ""Love is blind"". Đúng vậy! Tình yêu là mù quáng, chính vì thế nên bây giờ Lê Bích đã hiểu vì sao yêu nhau người ta cứ phải sờ soạng mới hiểu được nhau, để rồi sau đó hôn nhân sẽ làm họ sáng mắt ra.",85.000đ
http://nhanam.com.vn/sach/16786/thu-thi-kien-thuc-lop-3,Thủ thỉ kiến thức lớp 3,8935235220010,Mitsuharu Ohyama,Thế Giới,Ngày phát hành: 04-01-2019,Kích thước: 15 x 20.5 cm,Số trang: 195,Cuốn,85.000đ
http://nhanam.com.vn/sach/16927/nhat-ky-hoc-lam-banh-tap-1,Nhật ký học làm bánh (tập 1),8935235215696,Linh trang,Thế Giới,Ngày phát hành: 28-02-2019,"Kích thước: 14,5 x 20,5 cm",Số trang: 220,"Được trông đợi ngay từ khi còn là bản thảo, cuốn sách ",105.000đ
http://nhanam.com.vn/sach/16942/tin-nguong-tho-mau-tu-phu---chon-thieng-noi-c,Tín ngưỡng thờ Mẫu Tứ phủ - Chốn thiêng nơi cõi thực (TB 2019),8935235221437,Thạc sĩ Trần Quang Dũng (chủ biên),Thế Giới,Ngày phát hành: 14-05-2019,Kích thước: 17x25 cm,Số trang: 151,"Trong đời sống tinh thần của người Việt, niềm tin tâm linh có vai trò vô cùng quan trọng và là biểu hiện sinh động của văn hóa Việt. Tín ngưỡng không chỉ giúp xoa dịu nỗi đau và thiệt thòi của số phận, mà còn động viên, dẫn dắt mỗi kiếp người không ngừng hướng thiện, vượt khó vươn lên trong cuộc sống. Trong các tín ngưỡng ở Việt Nam, Tín ngưỡng thờ Mẫu Tứ phủ là tín ngưỡng nội sinh mang bản sắc Việt. Trải bao thăng trầm và có lúc bị cấm đoán, Tín ngưỡng vẫn âm thầm được gìn giữ, thực hành trong một cộng đồng dân tộc. Ngày nay, tín ngưỡng ấy đã trở thành một trong những biểu tượng của văn hóa Việt cũng và di sản văn hóa phi vật thể của nhân loại.",138.000đ
http://nhanam.com.vn/sach/16801/thu-thi-kien-thuc-lop-4,Thủ thỉ kiến thức lớp 4,8935235220263,Mitsuharu Ohyama,Thế Giới,Ngày phát hành: 22-01-2019,Kích thước: 15 x 20.5 cm,Số trang: 199,Cuốn,88.000đ
http://nhanam.com.vn/sach/11547/suc-manh-cua-nguoi-me-nhat,Sức mạnh của người mẹ Nhật,8935235217225,An Minjung,Thế Giới,Ngày phát hành: 25-06-2018,Kích thước: 14x20.5 cm,Số trang: 276,"Cuộc đời tác giả Ahn Min Jung bắt đầu thay đổi từ khi gặp người chồng Trung Quốc giỏi tiếng Nhật. Sau nhiều thăng trầm và đi tới kết hôn, cô đã sinh được một bé gái xinh đẹp tên là Lena và bắt đầu nuôi dạy con ở Nhật. Cuốn sách này kể lại hành trình nuôi dạy con mà người mẹ Hàn đích thân trải nghiệm trong quá trình nuôi dạy con gái tại Nhật, được trình bày với sự quan sát và văn phong báo chí đặc trưng của một phóng viên. Những bài tiểu luận dựa trên kinh nghiệm có thực của gia đình",95.000đ
http://nhanam.com.vn/sach/16816/tarot-nhap-mon,Tarot nhập môn,8935235220584,Kim Huggens,Hà Nội,Ngày phát hành: 24-01-2019,"Kích thước: 14 x 20,5 ",Số trang: 455,"Tarot – bộ môn vừa mang màu sắc chiêm đoán vừa mang tính nghệ thuật. Mỗi lá bài đem đến cho bạn những thông điệp được ẩn giấu từ quá khứ, hiện tại hoặc tương lai. Từng lá bài giống như một “bảo tàng nghệ thuật” thu nhỏ – từng bức tranh được gửi gắm trong đó đều chứa những thông điệp về nhân sinh quan.",120.000đ
http://nhanam.com.vn/sach/16800/how-food-works---hieu-het-ve-thuc-an,How Food Works - Hiểu hết về thức ăn,8935235220485,Trần Trương Phúc Hạnh,Thế Giới,Ngày phát hành: 22-01-2019,"Kích thước: 19,5 x 23,5 cm ",Số trang: 255,Hướng dẫn đơn giản nhất và trực quan nhất từ trước đến nay về thức ăn và dinh dưỡng!,300.000đ
http://nhanam.com.vn/sach/16833/cool-series---toan-hoc-sieu-hay,Cool Series - Toán học siêu hay,8935235219915,Katie Hewett - Tracie Young,Thế Giới,Ngày phát hành: 08-02-2019,"Kích thước: 20,5 x 15,5",Số trang: 112,"Có thể toán là nhạt nhẽo và không hề đặc sắc với những người không sẵn sàng hiểu nó, nhưng với những người còn lại, toán là nơi mà phép màu và điều kỳ diệu tồn tại trong hình hài của những con số và phương trình, trong những lý thuyết và công thức. Toán đem đến sự tươi mới cho thế giới bình thường này và biến một tình huống tẻ nhạt trở thành niềm vui bất tận đến không thể tin được.",85.000đ
http://nhanam.com.vn/sach/12563/cung-con-di-qua-tuoi-teen,Cùng con đi qua tuổi teen,8935235217409,Chu Hồng Vân,Lao động,Ngày phát hành: 28-06-2018,Kích thước: 14 x 20.5cm,Số trang: 392,"Khi con bước vào tuổi dậy thì ẩm ương, dở trẻ con dở người lớn, thì cũng là lúc nhiều cha mẹ thường xuyên ở trong trạng thái bối rối, lo âu, thậm chí tăng xông, sốc nặng. Tại sao con bỗng nhiên ngang như cua? Tại sao con tức giận bừng bừng chỉ vì một lý do bé tí? Tại sao con thích một mình? Tại sao con lơ là gia đình mà thân thiết với bạn bè? Tại sao con ăn mặc không giống ai? Tại sao con yêu bạn khác giới? Tại sao con tò mò về sex? Có 1001 các vấn đề của tuổi teen nhưng hình như ngoài chuyện học hành ra, cha mẹ không mấy quan tâm.  Nhưng nếu cha mẹ biết đứa trẻ cảm thấy cô đơn, không được chia sẻ, căng thẳng và thậm chí tổn thương đến thế nào…",108.000đ
http://nhanam.com.vn/sach/11552/co-phai-tai-con-dau,Có phải tại con đâu!,8935235217065,Isabelle Filliozat,Thế Giới,Ngày phát hành: 26-06-2018,Kích thước: 16x20.5 cm,Số trang: 176,"Khi trẻ đã lên 6, các bậc cha mẹ tưởng như được dễ thở hơn bởi không còn phải đối mặt với những trận ăn vạ, những cơn gào khóc nhưng thay vì thế thì: chạy nhảy khắp nơi, quên đồ đạc, không tập trung nổi, mất lòng tin, nổi khùng lên trước một việc nhỏ nhặt, hung hăng khi ở trường, khó chịu nơi bàn ăn, tè dầm ra giường,… - Những thử thách mới trong một chặng đường mới! Và liệu những la hét, quát mắng hay hình phạt có phải là giải pháp hay chỉ càng đổ thêm dầu vào lửa?",75.000đ
http://nhanam.com.vn/sach/12557/10-ky-quan-kien-truc-the-gioi,10 Kỳ quan kiến trúc thế giới,8935235217027,Alain Boyer,Thông Tấn,Ngày phát hành: 03-07-2018,Kích thước: 25x25 cm,Số trang: 50,,109.000đ
http://nhanam.com.vn/sach/11551/10-buc-tranh-dep-nhat-lich-su-hoi-hoa,10 bức tranh đẹp nhất lịch sử hội họa,8935235217010,Sophie Crépon,Thông Tấn,Ngày phát hành: 03-07-2018,Kích thước: 25x25 cm,Số trang: 50,,109.000đ
http://nhanam.com.vn/sach/12562/quang-ganh-ielts-di-ma-vui-song,Quẳng gánh Ielts đi mà vui sống!,8935235217317,Lê Thanh Tùng,Thế Giới,Ngày phát hành: 05-07-2018,Kích thước: 14 x 20.5cm,Số trang: 324,"Tiếng Anh – thứ ngôn ngữ quốc tế - có vẻ như chưa bao giờ dễ tiếp cận đến thế. Ngày nay, với những trung tâm tiếng Anh mọc nên như nấm, chưa nói Internet ở mọi nơi, với vô số ứng dụng trên điện thoại phục vụ cho việc học thức ngôn ngữ này, tưởng chừng chinh phục nó sẽ là điều không quá khó nhọc.",90.000đ
http://nhanam.com.vn/sach/14726/giao-duc-tre-tu-dinh-huong,Giáo dục trẻ tự định hướng,8935235217645,Phương Đặng,Thế Giới,Ngày phát hành: 26-08-2018,Kích thước: 14 x 20.5cm,Số trang: 424,- Giáo dục trẻ tự định hướng/tự chỉ huy thực sự là gì?,115.000đ
http://nhanam.com.vn/sach/14670/de-cho-con-yen-nhung-cu-chuyen-cho-con-tien,Để cho con yên nhưng cứ chuyển cho con tiền,8935235218123,Anthonye. Wolf,Thế Giới,Ngày phát hành: 25-08-2018,Kích thước: 14x20.5 cm,Số trang: 328,"Không có độ tuổi nào gây nhiều bối rối hơn tuổi mới lớn. Bối rối không chỉ cho chính những đứa trẻ đang trải qua độ tuổi ấy, mà còn cho những người xung quanh chúng, trên hết là các bậc cha mẹ. Những đứa con hôm qua còn là đứa trẻ vui vẻ, cởi mở, tự giác giúp đỡ cha mẹ việc nhà, hôm nay đã trở thành những cô cậu thiếu niên hay cáu gắt, sưng sỉa, không thiết động chân tay làm một việc gì mà chỉ biết đấu khẩu hoặc né tránh cha mẹ. Những người cha người mẹ hoang mang có thể sẽ tìm thấy sức mạnh cho mình từ cuốn cẩm nang về trẻ tuổi teen thời đại mới này của Anthony E. Wolf.",110.000đ
http://nhanam.com.vn/sach/14639/me-an-ngon-con-khoe-manh,"Mẹ ăn ngon, con khỏe mạnh",8935235217690,Nguyễn Thị Ninh,Thế Giới,Ngày phát hành: 27-07-2018,Kích thước: 14.5x20.5 cm,Số trang: 228,"Chế độ dinh dưỡng thời kỳ thai nghén và sau sinh luôn là mối quan tâm lớn của các bà mẹ. Bây giờ mẹ bầu và mẹ cho con bú đã ăn uống thoải mái hơn, không kiêng khem nhiều như xưa, nhưng ăn thế nào cho lành mạnh, đủ dưỡng chất, ngon miệng mà không biến mẹ trở thành “vĩ đại”, lại chế biến đơn giản, thì không phải ai cũng nắm được.",129.000đ
http://nhanam.com.vn/sach/16620/nhat-ky-hoc-lam-banh-3---khi-bep-vang-lo,Nhật ký học làm bánh 3 - Khi bếp vắng lò,8935235218338,Linh trang,Thế Giới,Ngày phát hành: 26-08-2018,Kích thước: 16 x 24,Số trang: 296,"“Tất cả những công thức trong cuốn sách này được biên soạn với tiêu chí: không cần nhiều kĩ năng hay dụng cụ bếp đặc biệt, nguyên liệu không quá khó tìm, cách thực hiện đơn giản, ngay cả người ‘mới nhất’ trong bếp cũng có thể làm thành công trong lần thử đầu tiên. Và quan trọng hơn hết là tất cả những món ngọt này đều không cần lò nướng. Ý tưởng ‘khi bếp vắng lò’ xuất phát từ rất nhiều phản hồi của bạn đọc ",179.000đ
http://nhanam.com.vn/sach/16614/72-dieu-cho-noi-voi-con,72 điều chớ nói với con,8935235218284,Hà Hạo,Thông Tấn,Ngày phát hành: 19-09-2018,Kích thước: 15x20.5 cm,Số trang: 276,"“Tôi ép con học cũng chỉ là vì nó, sao nó nỡ bỏ đi?”",89.000đ
http://nhanam.com.vn/sach/16733/cac-ky-luc-the-gioi---bo-bach-khoa-thu-larous,Các kỷ lục thế giới - Bộ Bách khoa thư Larousse ,8935235219335,Danh Việt,Thế Giới,Ngày phát hành: 10-12-2018,Kích thước: 20 x 34 cm,Số trang: 95,"Bạn có biết trong các loàicá mập trắng, linh cẩu và cá sấu, loài nào có hàm răng khỏe nhất? Bạn có biết giun dây giày có thể dài đến 60 mét, đủ để buộc hàng chục đôi giày và người phụ nữ thấp nhất chỉ caocó 61 xăng ti mét? Luôn chứa đựng biết bao điều kỳ thú, thế giới tự nhiên muôn hình muôn vẻ vì thế lúc nào cũng khơi gợi sự hiếu kỳ, say mê khám phá của con người.",130.000đ
http://nhanam.com.vn/sach/16738/con-la-khach-quy,Con là khách quý,8935235219373,Kẩm Nhung,Thế Giới,Ngày phát hành: 13-12-2018,Kích thước: 15 x 24 cm,Số trang: 302,"“Đây là một cuốn sách hấp dẫn và bổ ích, nhất là những thông tin về chăm sóc sức khỏe hay ăn uống cho bé. Tôi  nghĩ đây sẽ là một cuốn sách có ích cho các ông bố bà mẹ, và nhất là cho các ông bà nội ngoại của các em bé. Trên hết, cuốn sách sẽ rất cần cho các bác sỹ nhi khoa (và cả sản khoa) ở Việt Nam đọc để thay đổi cách suy nghĩ  và tư vấn cho các ông bố bà mẹ ở Việt Nam.”",86.000đ
http://nhanam.com.vn/sach/16732/tu-lam-my-pham-tb-110000,Tự làm mỹ phẩm (TB 110.000),8935235219861,Anh Thư - Thu Giang,Thế Giới,Ngày phát hành: 10-12-2018,Kích thước: 15 x 20.5 cm,Số trang: 155,"""Quá trình tự học làm mỹ phẩm của chúng tôi chắc không được coi là vô cùng suôn sẻ. Không có tài liệu nào bằng tiếng Việt. Không đủ tiền mua nguyên vật liệu... Cũng vì vậy mà tôi đã làm hỏng nhiều và những bài học đó tôi nhớ sâu sắc, chúng tôi làm ra cuốn sách này cũng vì muốn bạn có một quá trình học làm mĩ phẩm thuận lợi hơn... Các công thức trong sách hướng dẫn này đã vượt qua bài kiểm tra về độ kích ứng trên da tại Trung tâm Kiểm nghiệm Dược phẩm - Mỹ phẩm Hà Nội.",110.000đ
http://nhanam.com.vn/sach/10501/sinh-ton-noi-hoang-da,Sinh tồn nơi hoang dã,8935235215146,Makoto Minemura,Lao động,Ngày phát hành: 23-04-2018,Kích thước: 18x22cm,Số trang: 179,"Nhắc đến “sinh tồn”, bạn sẽ nghĩ đến điều gì? Phiêu lưu trên đảo không người, thám hiểm trong rừng thẳm… nghe thật xa lạ với đời sống hiện đại nhỉ!",138.000đ
http://nhanam.com.vn/sach/16759/nhung-nha-kham-pha-lich-su-tri-kien-van-vat-v,Những nhà khám phá lịch sử tri kiến vạn vật và con người ,8935235219342,Daniel J. Boorstin,Thế Giới,Ngày phát hành: 26-12-2018,Kích thước: 17 x 25 cm,Số trang: 751,"Được coi như cuốn sách lớn nhất của một trong những sử gia lớn nhất thời hiện đại, ",209.000đ
http://nhanam.com.vn/sach/10500/lam-ban-voi-bong-da,Làm bạn với bóng đá,8935235215658,Tatsuki Noda,Lao động,Ngày phát hành: 23-04-2018,Kích thước: 18x22cm,Số trang: 194,"Hằng ngày, trên khắp thế giới có hàng triệu bạn trẻ cùng chạy theo trái bóng. Nhìn vào những bạn ấy, ta sẽ hiểu rằng cầu thủ càng giỏi thì càng giàu tình yêu bóng đá. Chính nhờ tình yêu này, người ta hăng say luyện tập kiên trì để cải thiện những điểm còn yếu. Cầu thủ chưa xuất sắc thì cần nỗ lực luyện tập hơn người khác nhiều lần và dần dà sẽ phát huy được hết khả năng của mình.",148.000đ
http://nhanam.com.vn/sach/16749/nghe-thuat-tu-duy-ranh-mach,Nghệ thuật tư duy rành mạch,8935235219885,Rolf Dobelli,Thế Giới,Ngày phát hành: 28-12-2018,"Kích thước: 14 x 20,5 cm",Số trang: 447,"Mọi người đều mắc sai lầm. Những sai lầm trong việc ra quyết định đều bắt nguồn từ các lỗi tư duy tưởng như đơn giản, nhưng dần dà chúng tích tụ thành những thành kiến khó bỏ. Vậy mà hiếm khi chúng ta nhận ra điều đó, nên sai lầm cứ nối tiếp sai lầm, dẫn đến bao hối tiếc vì những quyết định không đúng cho cuộc đời mình: Cứ mãi đeo bám một công việc dù biết trước chẳng thu được lợi lộc gì; cho rằng một dự án thành công suôn sẻ là do tài năng và trí lực, còn thất bại do ngoại cảnh khách quan; bán cổ phiếu lúc đã quá trễ, hoặc bán quá sớm… Và đó chỉ là một vài trong số hàng loạt các sai lầm “cơ bản” được Dobelli mổ xẻ phân tích qua 99 chương sách ngắn gọn, súc tích với những ví dụ minh họa thiết thực giúp ta có thể nhận diện và né tránh chúng. Đơn giản, rõ ràng và toàn diện một cách đáng  ngạc nhiên, cuốn cẩm nang nhất định phải có này có thể thay đổi mãi mãi cách ta suy nghĩ, giúp ta quyết định sáng suốt hơn mỗi ngày ở bất cứ đâu,  trong bất cứ tình huống nào.",118.000đ
http://nhanam.com.vn/sach/10499/hieu-nghe-nghiep-tuong-lai,Hiểu nghề nghiệp tương lai,8935235215153,Azumo Sonoko,Lao động,Ngày phát hành: 23-04-2018,Kích thước: 18x22cm,Số trang: 195,"Bạn thường thấy những nghề nào quanh mình? Thầy cô ở trường, cô chú ở công ty, bác tài xe buýt hay chú lái tàu điện… Nào, giờ bạn thử nghĩ tiếp đến những nghề xa xôi hơn, những cầu thủ bóng đá đại diện cho đất nước đi thi đấu ở nước ngoài, nghệ sĩ trên tivi, phi hành gia… Ngoài ra, còn rất, rất nhiều các công việc khác trên thế giới này.",148.000đ
http://nhanam.com.vn/sach/10497/neu-thi,Nếu... thì,8935235215962,Randall Munroe,Lao động,Ngày phát hành: 23-04-2018,Kích thước: 17x23cm,Số trang: 384,,129.000đ
http://nhanam.com.vn/sach/10498/boi-loi-nhu-kinh-ngu,Bơi lội như kình ngư,8935235215665,Iwamoto Kenichi,Lao động,Ngày phát hành: 23-04-2018,Kích thước: 18x22cm,Số trang: 178,"Quyển sách này dành cho những ai sợ nước hay chưa biết bơi. Bơi lội là môn thể thao đòi hỏi nhiều công sức để luyện tập cho nhuần nhuyễn, cũng như đi xe đạp vậy. Em có còn nhớ cảm giác xúc động khi lần đầu tiên trèo lên chiếc xe? Hay cảm giác vui sướng khi tự đạp xe chạy băng băng? Thế nhưng những ngày đầu ai cũng phải nhờ người khác giúp, và tập đi tập lại biết bao nhiêu lần mới đạp được, phải không!",142.000đ
http://nhanam.com.vn/sach/10524/bat-chuoc-de-thanh-cong,Bắt chước để thành công,8935235216501,Tachikawa Mitsuaki,Thế Giới,Ngày phát hành: 17-05-2018,"Kích thước: 14 x 20,5 cm",Số trang: 248,"Tachikawa Mitsuaki không ngại tiết lộ bí quyết thành công của ông, đó chính là bắt chước. Con người vốn là loài động vật dễ bị ảnh hưởng, dù muốn hay không cũng đang chịu ảnh hưởng từ môi trường và những người xung quanh, đây cũng chính là việc nhân loại thích ứng với môi trường để sinh tồn và phát triển. Nói cách khác, bắt chước cũng chính là học hỏi.",96.000đ
http://nhanam.com.vn/sach/7302/tam-ly-chien-trong-ban-le,Tâm lý chiến trong bán lẻ ,8935235213869,Toshifumi Suzuki,Tri Thức,Ngày phát hành: 25-09-2017,"Kích thước: 14 x 20,5 ",Số trang: 305,"Từ một người không có chút kiến thức nào trong ngành bán lẻ, không có kỹ năng đặc biệt hay một chứng chỉ cụ thể nào, thậm chí còn không có cảm xúc về các con số khi bán hàng, Toshifumi Suzuki đã đưa 7-Eleven trở thành đế chế bán lẻ được mệnh danh là chuỗi cửa hàng tiện lợi “đáng sợ” nhất trên thế giới, khi cứ hai giờ đồng hồ trôi qua lại có một cửa hàng mọc lên.",93.000đ
http://nhanam.com.vn/sach/9379/nang-bach-tuyet-va-bay-chu-lun---truyen-tranh,Nàng bạch tuyết và bảy chú lùn - Truyện tranh ghép hình,8935235214415,Bồ Câu,Hội nhà văn,Ngày phát hành: 13-12-2017,"Kích thước: 17 x 16,2 cm",Số trang: 20,Tranh ghép hình được ưa chuộng nhất nước Ý ,60.000đ
http://nhanam.com.vn/sach/7342/nuoi-con-kheo-cham-con-nhan,"Nuôi con khéo, chăm con nhàn",8935235214194,Rory (Joon Hee Kim),Thế Giới,Ngày phát hành: 14-11-2017,Kích thước: 15x24cm,Số trang: 393,"Nuôi con có phải là một việc dễ dàng? Tiếng khóc giữa đêm của con có bao giờ là niềm vui với các bà mẹ? Tại sao càng dỗ con ngủ, con càng khóc. Bế con cả đêm trên tay mà con vẫn ngủ không yên. Giờ ngủ. Con không ngủ. Giờ ăn. Con không ăn. Người cha người mẹ phải làm gì đây?",116.000đ
http://nhanam.com.vn/sach/10384/thuong-nho-thoi-bao-cap,Thương nhớ thời bao cấp,8935235214880,Thành Phong,Hội nhà văn,Ngày phát hành: 27-01-2018,Kích thước: 17x20.5cm,Số trang: 251,,150.000đ
http://nhanam.com.vn/sach/10386/de-an-khong-phai-ban-khoan,Để ăn không phải băn khoăn,8935235215115,Nguyễn Bích Hiền,Thế Giới,Ngày phát hành: 24-01-2018,"Kích thước: 14 x 20,5 ",Số trang: 267,"“Độc giả sợ thực phẩm gây ung thư. Còn tôi, tôi hãi truyền thông về an toàn thực phẩm.”",80.000đ
http://nhanam.com.vn/sach/10364/an-toan-khi-online,An toàn khi online,8935235215061,Louie Stowell.,Thế Giới,Ngày phát hành: 10-01-2018,Kích thước: 14x20.5cm,Số trang: 144,"Tuần này bạn đã check in ở bao nhiêu quán? Đã selfie bao nhiêu lần? Lần cuối bạn vào WC mà không mang theo smartphone là từ bao giờ? Nếu bạn thấy cả nguồn sống bỗng chốc thu bé lại vừa bằng một màn hình thì bạn không cô đơn đâu. Internet đã chạm đến mọi ngóc ngách trong cuộc sống của chúng ta. Thế giới đó thật kỳ diệu với nguồn tri thức bất tận, và muôn màu vẻ cuộc sống đang hiện lên từng giây từng phút. Nhưng còn những mặt trái của nó, những những mê cung tăm tối đầy cạm bẫy với đủ loại quái thú, nào spammer, nào troll, hay cả những kẻ ấu dâm đáng sợ?",49.000đ
http://nhanam.com.vn/sach/10437/thuong-nho-thoi-bao-cap-ban-dac-biet,Thương nhớ thời bao cấp( Bản đặc biệt),8935235215511,Thành Phong,Hội nhà văn,Ngày phát hành: 12-03-2018,Kích thước: 17x20.5 cm,Số trang: 256,,
http://nhanam.com.vn/sach/10472/hoi-bac-si-nhi-dong-giai-dap-thac-mac-cua-cha,Hỏi bác sĩ nhi đồng: Giải đáp thắc mắc của cha mẹ về bệnh con nít,8935235215948,Bác sĩ Trương Hữu Khanh,Thế Giới,Ngày phát hành: 27-03-2018,"Kích thước: 14 x 20,5 cm",Số trang: 288,"Gần một đời nghề làm việc với trẻ em, gần một đời nghề tiếp xúc với bệnh nhi, làm việc tại Khoa Nhiễm - Thần kinh của Bệnh viện Nhi Đồng 1, nơi “đầu sóng ngọn gió” về dịch bệnh, Bác sĩ Trương Hữu Khanh thấu hiểu những khó khăn, lo lắng và nhiều vấn đề cha mẹ các bé quan tâm và hỏi han trong quá trình chăm sóc con cái. Với mong muốn chia sẻ, giải thích những khúc mắc của  cha mẹ các bé, bác sĩ đã mở fanpage ",79.000đ
http://nhanam.com.vn/sach/10475/lich-su-cac-loai-vu-khi-danh-cho-thanh-thieu,Lịch sử các loại vũ khí dành cho thanh thiếu niên,8935235215313,Will Fowler,Thế Giới,Ngày phát hành: 30-03-2018,Kích thước: 20.5x28cm,Số trang: 130,Mời các bạn cùng tham gia chuyến du hành khám phá về lịch sử các loại vũ khí tự cổ chí kim.,179.000đ
http://nhanam.com.vn/sach/10489/song-theo-cung-hoang-dao,Sống theo cung hoàng đạo,8935235215740,Hazel Dixon - Cooper,Lao động,Ngày phát hành: 11-04-2018,"Kích thước: 14 x 20,5 cm",Số trang: 292,"Đã đến lúc quên đi những cuốn sách chiêm tinh học truyền thống tụng ca Nhân Mã quảng giao, Sư Tử nồng nhiệt, Ma Kết tài ba, Song Ngư ngọt ngào, vân vân và mây mây. Thay vào đó, hãy bước vào những góc khuất hun hút của lòng người, nơi ta được chỉ cho thấy Bạch Dương, Sư Tử và Nhân Mã ích kỷ ra sao, Ma Kết, Kim Ngưu và Xử Nữ tính toán thế nào, Bảo Bình, Song Tử và Thiên Bình ba phải dường bao, còn Cự Giải, Bọ Cạp và Song Ngư đúng là những ông hoàng bà chúa lâm li kỳ cục…",86.000đ
http://nhanam.com.vn/sach/10463/ke-chuyen-ruou-vang,Kể chuyện rượu vang,8935235215702,Nguyễn Ngọc Khánh Chi,Thế Giới,Ngày phát hành: 24-03-2018,Kích thước: 16 x 24 cm,Số trang: 268,“,136.000đ
http://nhanam.com.vn/sach/11549/bi-mat-sang-che-cua-honda,Bí mật sáng chế của Honda,8935235217232,Kobayashi Saburo,Tri Thức,Ngày phát hành: 25-06-2018,Kích thước: 14x20.5 cm,Số trang: 296,"Với kinh nghiệm 16 năm làm việc liên tiếp tại Trung tâm Nghiên cứu Kỹ thuật Honda, Kobayashi Saburo đã chia sẻ với bạn đọc con đường hiện thực hóa sản phẩm túi khí của mình, từ khi là ý tưởng cho tới khi được thương mại hóa vào năm 1987.",114.000đ
http://nhanam.com.vn/sach/11546/thu-thi-kien-thuc-lop-1,Thủ thỉ kiến thức lớp 1,8935235216617,Mitsuharu Ohyama,Thế Giới,Ngày phát hành: 21-06-2018,Kích thước: 15x20.5 cm,Số trang: 168,Mẹ ơi vì sao con bị cảm cúm?,69.000đ
http://nhanam.com.vn/sach/10502/giau-co-nhu-mot-cach-song,Giàu có như một cách sống,8935235215726,Lisa Nichols,Tri Thức,Ngày phát hành: 23-04-2018,Kích thước: 15 x 24 cm ,Số trang: 340,,116.000đ
http://nhanam.com.vn/sach/7250/nam-ky-danh-nhan,Nam kỳ danh nhân,8935235213586,Đào Văn Hội,Tri Thức,Ngày phát hành: 25-08-2017,"Kích thước: 14 x 20,5 ",Số trang: 395," của Đào Văn Hội có thể xem là cuốn sách quốc ngữ đầu tiên viết về danh nhân Nam bộ. Các văn nhân võ tướng, từ “Gia Định tam hùng” đến “Gia Định tam thi gia”, cùng bao nhiêu bậc tao nhân mặc khách, anh hùng hào kiệt đã hòa máu và nước mắt vào đất Nam kỳ để làm nên một lịch sử khổ nhục nhưng vinh quang. Tác giả đã tái hiện lại lịch sử đất Nam kỳ mấy trăm năm qua vừa xa xăm vừa gẫn gũi, phủ dưới những sử liệu chân thực cùng những giai thoại thấm đẫm màu sắc huyền ảo. Viết sách này, tác giả mong gửi gắm một tâm niệm giản dị: “... mong sao người Nam kỳ biết danh nhân xứ Nam đặng mà sùng bái, vì các ngài đã làm cho vẻ vang đất tổ quê cha, và nhơn đó mà thương mến nước nhà, mà cố gắng làm sao cho xứng đáng với tiền nhân, xứng đáng với con dân đất Việt”.",86.000đ
http://nhanam.com.vn/sach/7143/tau-thuyen-xe-co-bo-be-hoc-tieng-viet---100-t,"Tàu thuyền, xe cộ (Bộ Bé học Tiếng Việt - 100 từ mới)",8935235212565,Hội nhà văn,Hội nhà văn,Ngày phát hành: 23-05-2017,Kích thước: 12 x 15,Số trang: 24,Sách chưa có bán tại Hồ Chí Minh,45.000đ
http://nhanam.com.vn/sach/7147/nuoi-day-con-kieu-ca-heo,Nuôi dạy con kiểu cá heo,8935235212503,Shimi Kang,Thế Giới,Ngày phát hành: 31-05-2017,Kích thước: 15 x 24 cm ,Số trang: 367,"Trong thời đại đầy biến động và đổi thay khôn lường này, ",110.000đ
http://nhanam.com.vn/sach/7306/ba-me-oi-con-bi-bat-nat,"Ba mẹ ơi, con bị bắt nạt ",8935235213999,Barbara Coloroso,Thế Giới,Ngày phát hành: 25-09-2017,Kích thước: 15 x 24 cm ,Số trang: 425,"Bạn sẽ làm gì khi con mình gặp phải “đại ca” hay “chị hai” chốn học đường? Hay khi đứa trẻ đơn độc trước vô số những trò bắt nạt giấu mình trên mạng, ai có thể làm gì? Được các chuyên gia giáo dục thế giới đánh giá cao, cuốn sách của Barbara Coloroso đã mang đến một bức tranh toàn cảnh: Tại sao hiện nay vấn nạn này lại phổ biến đến thế? Những hình thức của nó là gì, bắt nguồn từ những nguyên nhân nào? Đối tượng tham gia và những ai phải gánh chịu các tác hại của tệ bắt nạt? Những hệ quả nghiêm trọng như các vụ xả súng, tự sát, tổn thương tâm lý suốt đời còn khiến bạn thờ ơ được không? Những câu hỏi then chốt sẽ lần lượt được giải đáp một cách sinh động và sâu sắc. “Vòng tròn bắt nạt” đã được chỉ ra: gồm kẻ bắt nạt, người bị bắt nạt, và những kẻ bàng quan; sâu xa hơn là những khiếm khuyết từ môi trường sống đầy định kiến của trẻ.",120.000đ
http://nhanam.com.vn/sach/7141/thanh-pho-men-yeu-bo-be-hoc-tieng-viet---100,Thành phố mến yêu (Bộ Bé học Tiếng Việt - 100 từ mới),8935235212572,Hội nhà văn,Hội nhà văn,Ngày phát hành: 23-05-2017,Kích thước: 12 x 15,Số trang: 24,Sách chưa có bán tại Hồ Chí Minh,45.000đ
http://nhanam.com.vn/sach/4019/khu-pho-tay-o-ha-noi-nua-dau-the-ky-xx-qua-tu,Khu phố tây ở Hà Nội nửa đầu thế kỷ XX qua tư liệu địa chính,8935235211452,Phan Phương Thảo (chủ biên),Hà Nội,Ngày phát hành: 24-01-2017,Kích thước: 15x24cm,Số trang: 409,,118.000đ
http://nhanam.com.vn/sach/4002/cau-be-an-sach-phi-thuong,Cậu bé ăn sách phi thường,8935235211377,Oliver Jeffers,Hội nhà văn,Ngày phát hành: 25-01-2017,Kích thước: 19 x 25 cm,Số trang: 32,,55.000đ
http://nhanam.com.vn/sach/4025/atlas-muon-loai,Atlas muôn loài ,8935235211322,Virginie Aladjidi - Emmanuelle Tchoukriel,Thế Giới,Ngày phát hành: 21-02-2017,Kích thước: 26 x 33 ,Số trang: 105,"Động vật luôn cuốn hút trẻ em ở mọi lứa tuổi. Cuốn atlas đầu đời này của các em sẽ giới thiệu gần 250 trên tổng số 1,2 triệu loài động vật đã được các nhà khoa học thống kê trên Trái Đất. Đó là các loài thú, chim, côn trùng, thân mềm, bò sát có vảy, cá...",145.000đ
http://nhanam.com.vn/sach/4040/cuc-phan-cho,Cục phân chó ,8935235210851,Kwon Jeong Saeng - Jeong Seung Gak,Hội nhà văn,Ngày phát hành: 28-02-2017,"Kích thước: 23 x 23,5",Số trang: 36,"Cục phân chó, vừa “chào đời” đã bị nghe tiếng chê bai “Eo ôi, bẩn khiếp…”",49.000đ
http://nhanam.com.vn/sach/4041/song-ngu-viet-anh---gia-dinh-am-ap,Song ngữ Việt-Anh - Gia đình ấm áp,8935235211575,Felicity Brooks - Rosalinde Bonnet,Thế Giới,Ngày phát hành: 07-03-2017,Kích thước: 15 x 17,Số trang: 12,Những từ vựng đầu tiên cho bé 1+,46.000đ
http://nhanam.com.vn/sach/4043/song-ngu-viet-anh---vui-choi-ngoai-troi,Song ngữ Việt-Anh - Vui chơi ngoài trời,8935235211599,Jennifer Moore - Mallinos & Gustavo Mazali,Thế Giới,Ngày phát hành: 07-03-2017,Kích thước: 15 x 17,Số trang: 12,Những từ vựng đầu tiên cho bé 1+,46.000đ
http://nhanam.com.vn/sach/3999/lac-mat-va-tim-thay,Lạc mất và tìm thấy ,8935235211360,Oliver Jeffers,Hội nhà văn,Ngày phát hành: 08-03-2017,Kích thước: 25 x 25,Số trang: 32,,55.000đ
http://nhanam.com.vn/sach/5080/sep-nu,Sếp nữ ,8935235211988,Sophia Amoruso,Thế Giới,Ngày phát hành: 05-04-2017,"Kích thước: 14 x 20,5 ",Số trang: 228,"Được ca ngợi như một “hiện tượng” cá biệt và truyền cảm hứng mạnh mẽ trong làng thời trang Mỹ, Sophia Amoruso khởi nghiệp từ một gian hàng bán quần áo cũ với cái tên nghịch ngợm Nasty Gal, không phải với một kế hoạch kinh doanh bài bản, để rồi, chỉ trong vòng 10 năm, cô trở thành CEO quyền lực mà mọi tạp chí hàng đầu của nước Mỹ phải nhắc đến với sự vì nể. Cô đã quyết định kể lại câu chuyện hi hữu của mình, mong chia sẻ với độc giả, nhất là những cô gái trẻ đang hăm hở vào đời, những bí quyết để trở thành một SẾP NỮ. Câu chuyện thành công “thần tốc” của một doanh nhân không có bằng đại học, từng mắc chứng bệnh tăng động và khó hòa nhập với xã hội, sống qua ngày bằng việc bới thùng rác và ăn cắp vặt trong các cửa hiệu được kể lại với sự thẳng thắn tuyệt đối, sự nghiêm túc mà láu lỉnh của một cô gái trưởng thành trong trường đời nhiều hơn nhờ trường lớp, giúp cho bạn đọc trẻ có cái nhìn thực tế hơn về cuộc sống và ý chí xả thân mạnh mẽ hơn để chạm tới ước mơ. ",69.000đ
http://nhanam.com.vn/sach/5078/the-gioi-khac-di-nho-co-ban---ly-khai-phuc-tu,Thế giới khác đi nhờ có bạn - Lý Khai phục tự truyện ,8935235211667,Phạm Hải Đào,Tri Thức,Ngày phát hành: 06-04-2017,Kích thước: 15 x 24 cm ,Số trang: 572," là câu chuyện của một người Mỹ gốc Hoa có tấm lòng ái quốc, Tiến sĩ Lý Khai Phục, một nhà khoa học máy tính xuất sắc. Cuốn sách xuyên suốt hành trình từ khi ông chào đời tới khi định cư ở Hoa Kỳ, rồi quay trở lại Trung Quốc đầy ngoạn mục.",158.000đ
http://nhanam.com.vn/sach/5084/thanh-tong-di-thao,Thánh tông di thảo ,8935235212114,Nguyễn Văn Tú - Đỗ Ngọc Toại,Hồng Đức,Ngày phát hành: 06-04-2017,"Kích thước: 14 x 20,5 ",Số trang: 210," “Cuối niên hiệu Nguyên Phong đời nhà Trần, ở Châu Mai có một nữ yêu tinh biến hiện nhiều hình quái gở. Khi nó hiện ra người đầu to bằng bánh xe, hoặc hai đầu sáu mình, ai trông thấy cũng chết khiếp. Khi nó biến thành gái đẹp, hoặc nhẹ như Phi Yến, hoặc béo tốt như Dương Phi, ai say mê tất phải thiệt mạng. Người địa phương bị khổ sở vì nó, đã dùng nhiều phép trừ yểm nhưng đều vô hiệu. Những đêm trăng sáng, nó thường ở trên không, ngâm rằng:",50.000đ
http://nhanam.com.vn/sach/5119/me-doang-day-con,Mẹ đoảng dạy con ,8935235212220,Nguyên Kan,Thêm vào giỏ hàng,Ngày phát hành: 08-04-2017,Kích thước: 15 x 17,Số trang: 220,"“Khi các con gái tôi lần lượt ra đời, cuộc đời tôi như sang một trang hoàn toàn mới. Tôi nhìn thấy một phiên bản hoàn toàn khác của bản thân mình. Tôi nhận ra, công việc làm mẹ hoàn toàn không hề đơn giản như mình nghĩ, nó không giống như một quy luật cuộc sống được khái quát hóa qua một câu tục ngữ “trời sinh voi sinh cỏ”. Ngược lại, làm mẹ là một công việc toàn thời gian với nhiều đòi hỏi khắt khe. Bạn có thể lựa chọn để bắt đầu công việc này sớm hay muộn, nhưng một khi đã xuất phát thì mãi mãi sẽ chẳng bao giờ có điểm dừng.”",67.000đ
http://nhanam.com.vn/sach/7169/lich-su-the-gioi-qua-100-loai-vu-khi,Lịch sử thế giới qua 100 loại vũ khí ,8935235212435,Chris McNab,Thế Giới,Ngày phát hành: 29-06-2017,"Kích thước: 20,5 x 25,8",Số trang: 385,"Chiến tranh là động lực của lịch sử, và các loại vũ khí là một nhân tố không thể thiếu để tiến hành chiến tranh. Việc nhìn nhận lịch sử thế giới qua lăng kính của các phát minh quân sự đòi hỏi người viết phải có bề dày kiến thức và khả năng liên kết giữa các sự kiện lịch sử với mỗi loại vũ khí riêng rẽ, và không ai có thể làm điều này tốt hơn Chris McNab. Ông đã biến các phát minh quân sự trong ",350.000đ
http://nhanam.com.vn/sach/7258/to-khong-so-bi-bat-nat,Tớ không sợ bị bắt nạt ,8935235213630,Emmanuelle Piquet,Thế Giới,Ngày phát hành: 25-08-2017,"Kích thước: 14 x 20,5 ",Số trang: 175,"Bạn từng bị đám bạn tẩy chay, chế giễu vì mấy cái mụn vặt trên mặt?",69.000đ
http://nhanam.com.vn/sach/7254/harvard-bon-ruoi-sang,Harvard bốn rưỡi sáng ,8935235213258,Xiu-Ying Wei,Thế Giới,Ngày phát hành: 25-08-2017,"Kích thước: 14 x 20,5 ",Số trang: 432,"sử dụng hình ảnh Harvard như một biểu tượng xuyên suốt, kể lại các câu chuyện có tính cách điệu về Harvard như một phương thức nhằm thu hút bạn đọc đến với cuốn sách, để từ đó chuyển tải những chỉ dẫn, khuyến khích, gợi ý cùng thông điệp vừa thực dụng vừa bay bổngtới các bạn trẻ đang ngồi trên ghế nhà trường và chuẩn bị bước vào đời. Có nhiềuthông điệp giá trị và hữu ích mà bạn sẽ học thu hoạch được từ cuốn sách như:",119.000đ
http://nhanam.com.vn/sach/7253/thay-doi-tu-duy-trong-ban-le,Thay đổi tư duy trong bán lẻ ,8935235212756,Toshifumi Suzuki,Tri Thức,Ngày phát hành: 25-08-2017,"Kích thước: 14 x 20,5 ",Số trang: 234,"Những triết lý đơn giản mà thấu suốt được Toshifumi Suzuki đưa ra trong cuốn sách này không chỉ đắc dụng với độc giả quan tâm đến lĩnh vực bán lẻ nói riêng mà còn là việc kinh doanh nói chung. “Từ bỏ tư duy thông thường”, “cấm sử dụng kinh nghiệm quá khứ”, “tiêu thụ chính là tâm lý”, và bài học căn bản “ứng biến với sự thay đổi”chính là những bản sắc của 7-Eleven.  ",75.000đ
http://nhanam.com.vn/sach/4014/cac-ky-luc-tu-nhien-bang-tranh,Các kỷ lục tự nhiên bằng tranh,8935235210714,Virginie Aladjidi - Emmanuelle.,Hội nhà văn,Ngày phát hành: 20-01-2017,"Kích thước: 20,5 x 28,5",Số trang: 65,"Cuốn cẩm nang này ra đời với mong muốn giới thiệu về những kỷ lục ngoạn mục và hấp dẫn của hành tinh chúng ta, của hệ động thực vật trên Trái Đất. Qua đó bạn đọc sẽ có cơ hội khám phá những kỷ lục “đồ sộ đến chóng mặt” (về kích thước, trọng lượng, diện tích), những giới hạn cực độ (loài vật nguy hiểm nhất, hành trình di trú dài nhất, nhiệt độ thấp nhất) hay những điều đáng kinh ngạc nhất (loài chim mắn đẻ nhất, loài sâu phàm ăn nhất, động vật có vú ồn ào nhất),…",92.000đ
http://nhanam.com.vn/sach/4013/the-gioi-dong-vat-bang-tranh,Thế giới động vật bằng tranh ,8935235210691,Virginie Aladjidi - Emmanuelle.,Hội nhà văn,Ngày phát hành: 14-01-2017,"Kích thước: 20,5 x 28,5",Số trang: 55,"Cuốn cẩm nang bằng tranh này sẽ đưa bạn đọc bước vào vương quốc của 100 loài động vật trên khắp thế giới. Các loài động vật, lạ hay quen, có xương sống hay không xương sống, sống dưới biển hay trên cạn, được sắp xếp theo từng vùng địa lý (vùng rừng nhiệt đới, vùng sa mạc, vùng biển, vùng núi ôn đới,…) để độc giả dễ hình dung ra môi trường sống của chúng. Bằng tài vẽ tranh minh họa của mình, Emmanuelle Tchoukriel đã mang lại sự sống cho từng con vật trong các bức vẽ, cùng những thông tin khoa học dễ hiểu, kích thích sự ham hiểu biết và trân trọng của người đọc đối với thế giới động vật vô cùng đáng yêu này.",95.000đ
http://nhanam.com.vn/sach/4011/the-gioi-rau-cu-qua-bang-tranh,Thế giới rau củ quả bằng tranh ,8935235210707,Virginie Aladjidi - Emmanuelle.,Thế Giới,Ngày phát hành: 14-01-2017,"Kích thước: 20,5 x 28,5",Số trang: 78,"Một cuốn cẩm nang được minh họa với những sắc màu phong phú và vui mắt, giới thiệu với bạn đọc các loài rau củ quả đến từ khắp nơi trên thế giới, dù lạ lẫm hay quen thuộc, dù mọc ngầm trong đất hay leo trên giàn cao, dù đơm hoa vào mùa hè hay kết trái vào mùa đông… Trên tinh thần của các nhà vạn vật học cách đây nhiều thế kỷ, Emmanuelle Tchoukriel đã tái tạo một cách chính xác sự đa dạng về hình dáng, màu sắc và cấu tạo của hơn 80 loài rau củ quả, kèm theo đó là những thông tin khoa học đơn giản và dễ hiểu ",95.000đ
http://nhanam.com.vn/sach/1894/nhung-bai-toan-do-matxcova,Những bài toán đố Mátxcơva,8935235210240,Boris A.Kordemsky,Thế Giới,Ngày phát hành: 07-10-2016,Kích thước: 15 x 24 cm ,Số trang: 384, ,108.000đ
http://nhanam.com.vn/sach/1890/trai-hay-gai-chung-minh-chang-khac-nhau-bo-sa,Trai hay gái chúng mình chẳng khác nhau (Bộ sách an toàn cho con yêu),8935235210325,Jayneen Sanders - Amanda Gulliver,Hội nhà văn,Ngày phát hành: 06-10-2016,Kích thước: 19 x 25 cm,Số trang: 30, ,38.000đ
http://nhanam.com.vn/sach/1905/truoc-sau---thang-ngay-va-doi-thay,Trước sau - tháng ngày và đổi thay,8935235209909,Anne-Margot Ramstein & Matthias Aregui,Hội nhà văn,Ngày phát hành: 08-10-2016,Kích thước: 17 x 25 cm,Số trang: 176,Đừng thất vọng nếu bạn không tìm thấy dòng chữ nào trong cuốn sách này!,108.000đ
http://nhanam.com.vn/sach/2940/ha-noi-mot-thoi,Hà Nội một thời ,8935235210394,John Ramsden,Thế Giới,Ngày phát hành: 02-12-2016,Kích thước: 27 x 27 cm,Số trang: 163,- Chiết khấu 25% ,150.000đ
http://nhanam.com.vn/sach/2955/chuyen-cua-dat-set,Chuyện của đất sét ,8935235210639,Nhain.vn,Hội nhà văn,Ngày phát hành: 08-12-2016,"Kích thước: 15,5 x 21 cm ",Số trang: 135,"Trò chơi nặn đất sét hay nặn những bức tượng Tò he là một thú vui sáng tạo và quen thuộc với nhiều bạn nhỏ Việt Nam. Hiện nay, với sự du nhập của một loại đất sét bắt nguồn từ Nhật Bản, có khả năng tự khô trong không khí, khi khô thì cứng lại như nhựa, trò chơi nặn đất đã được nâng tầm với nhiều ứng dụng phong phú, làm say mê trẻ con mà cả các bạn thanh thiếu niên và người lớn. Bạn có thể tự làm cho mình các đồ trang trí trong nhà như móc chìa khóa, kẹp sách, đồ trang sức...",58.000đ
http://nhanam.com.vn/sach/2952/truyen-cuoi-dan-gian-viet-nam,Truyện cười dân gian Việt Nam ,8935235210530,Nhiều tác giả,Văn học,Ngày phát hành: 14-12-2016,"Kích thước: 14 x 20,5 ",Số trang: 190,"Cùng với tục ngữ, ca dao, dân ca, cổ tích, thần thoại..., truyện cười dân gian, cũng còn gọi là ",79.000đ
http://nhanam.com.vn/sach/3975/canh-chim-trong-gio,Cánh chim trong gió,8935235210721,Lê Hồng Lâm,Hội nhà văn,Ngày phát hành: 26-12-2016,"Kích thước: 14 x 20,5 ",Số trang: 292,"Điện ảnh là niềm đam mê của Lê Hồng Lâm. Tuy nhiên, trong cuốn sách này, điện ảnh là tấm gương mà qua đó Lê Hồng Lâm nhìn và nghĩ về thế giới. Câu chuyện điện ảnh mà anh dẫn chúng ta vào, đó không chỉ là câu chuyện về những bộ phim và các nhà làm phim cùng những thành công và thất bại của chúng, những vẻ đẹp và chiều sâu của chúng: đó còn là câu chuyện về xã hội và bản chất con người.",80.000đ
